{
    "mouseover": [
        {
            "selector": "a",
            "text": ["要看看<span style=\"color:#0099cc;\">{text}</span> 么？"]
        },
        {
            "selector": "#tor_show",
            "text": ["翻页比较麻烦吗，点击可以显示这篇文章的目录呢"]
        },
        {
            "selector": ".rollbar a",
            "text": ["想要去评论些什么吗？"]
        },
        {
            "selector": ".fui-home",
            "text": ["回首页看看吧"]
        },
        {
            "selector": ".fui-chat",
            "text": ["猜猜我要说些什么"]
        },
        {
            "selector": ".fui-eye",
            "text": ["要切换看板娘吗？"]
        },
        {
            "selector": ".fui-user",
            "text": ["喜欢换装PLAY吗？"]
        },
        {
            "selector": ".fui-photo",
            "text": ["你要给我拍照呀，一二三~茄子~~"]
        },
        {
            "selector": ".fui-info-circle",
            "text": ["想要知道更多关于我的事情吗？"]
        },
        {
            "selector": ".fui-cross",
            "text": ["到了要说再见的时候了吗"]
        },
        {
            "selector": "#night_mode",
            "text": ["深夜时要爱护眼睛呀"]
        },
        {
            "selector": ".rollbar",
            "text": ["回到开始的地方吧"]
        },
        {
            "selector": "#csubmit",
            "text": ["要[提交]^(Commit)了吗，首次评论需要审核，请耐心等待~"]
        },
        {
            "selector": ".ImageBox",
            "text": ["点击图片可以放大呢"]
        },
        {
            "selector": ".previous",
            "text": ["去上一页看看吧"]
        },
        {
            "selector": ".next",
            "text": ["去下一页看看吧"]
        },
        {
            "selector": ".dropdown-toggle",
            "text": ["这里是菜单"]
        },
        {
            "selector": ".comment_textare",
            "text": ["要吐槽些什么呢","认真填写哦，垃圾评论是禁止事项"]
        },
        {
            "selector": ".comment_submit_wrap",
            "text": ["要提交了吗，请耐心等待我主人回复~"]
        },
        {
            "selector": ".form-control",
            "text": ["该怎么称呼你呢","留下你的邮箱，不然就是无头像人士了","你的家在哪里呢，好让我去参观参观"]
        },
        {
            "selector": ".comment_face_btn",
            "text": ["要插入一个表情吗"]
        },
        {
            "selector": ".searchico",
            "text": ["在找什么东西呢，需要帮忙吗？","找不到想看的内容？搜索看看吧"]
        }, 
        {
            "selector": ".container .logo a",
            "text": ["点击可以前往首页，想回到上一页可以使用浏览器的后退功能哦"]
        },
        {
            "selector": "#landlord #live2d",
            "text": ["干嘛呢你，快把手拿开", "鼠…鼠标放错地方了！"]
        }
    ],
    "click": [
        {
            "selector": ".waifu #live2d",
            "text": ["是…是不小心碰到了吧", "萝莉控是什么呀", "不要动手动脚的！快把手拿开~~", "真…真的是不知羞耻！","再摸的话我可要报警了！⌇●﹏●⌇", "110吗，这里有个变态一直在摸我(ó﹏ò｡)"]
        }
    ]
}